CATCHMENT,NETWORK,YEAR,MMWR-YEAR,MMWR-WEEK,AGE CATEGORY,SEX CATEGORY,RACE CATEGORY,CUMULATIVE RATE,WEEKLY RATE 
Entire Network,FluSurv-NET,2022-23,2022,40,Overall,Female,Overall,0.4,0.4
Entire Network,FluSurv-NET,2022-23,2022,40,Overall,Overall,White,0.3,0.3
Entire Network,FluSurv-NET,2022-23,2022,40,Overall,Overall,Black,1.2,1.2
Entire Network,FluSurv-NET,2022-23,2022,40,Overall,Overall,Hispanic/Latino,0.3,0.3
Entire Network,FluSurv-NET,2022-23,2022,40,Overall,Overall,Asian/Pacific Islander,0.2,0.2
Entire Network,FluSurv-NET,2022-23,2022,40,Overall,Overall,American Indian/Alaska Native,0,0
Entire Network,FluSurv-NET,2022-23,2022,40,Overall,Male,Overall,0.4,0.4
Entire Network,FluSurv-NET,2022-23,2022,40,Overall,Overall,Overall,0.4,0.4
Entire Network,FluSurv-NET,2022-23,2022,41,Overall,Overall,White,0.6,0.3
Entire Network,FluSurv-NET,2022-23,2022,41,Overall,Overall,Hispanic/Latino,0.7,0.4
Entire Network,FluSurv-NET,2022-23,2022,41,Overall,Overall,Black,3,1.9
Entire Network,FluSurv-NET,2022-23,2022,41,Overall,Female,Overall,1.1,0.7
Entire Network,FluSurv-NET,2022-23,2022,41,Overall,Overall,Asian/Pacific Islander,0.4,0.2
Entire Network,FluSurv-NET,2022-23,2022,41,Overall,Overall,American Indian/Alaska Native,0,0
Entire Network,FluSurv-NET,2022-23,2022,41,Overall,Male,Overall,0.9,0.5
Entire Network,FluSurv-NET,2022-23,2022,41,Overall,Overall,Overall,1,0.6
Entire Network,FluSurv-NET,2022-23,2022,42,Overall,Overall,Overall,2,1
Entire Network,FluSurv-NET,2022-23,2022,42,Overall,Female,Overall,2,0.9
Entire Network,FluSurv-NET,2022-23,2022,42,Overall,Overall,Hispanic/Latino,1.3,0.6
Entire Network,FluSurv-NET,2022-23,2022,42,Overall,Overall,Asian/Pacific Islander,0.6,0.3
Entire Network,FluSurv-NET,2022-23,2022,42,Overall,Overall,American Indian/Alaska Native,1.5,1.5
Entire Network,FluSurv-NET,2022-23,2022,42,Overall,Male,Overall,1.9,1
Entire Network,FluSurv-NET,2022-23,2022,42,Overall,Overall,White,1.2,0.7
Entire Network,FluSurv-NET,2022-23,2022,42,Overall,Overall,Black,5.5,2.5
Entire Network,FluSurv-NET,2022-23,2022,43,Overall,Female,Overall,4.1,2.1
Entire Network,FluSurv-NET,2022-23,2022,43,Overall,Overall,White,2.3,1.1
Entire Network,FluSurv-NET,2022-23,2022,43,Overall,Overall,Black,10.6,5.1
Entire Network,FluSurv-NET,2022-23,2022,43,Overall,Overall,Hispanic/Latino,2.4,1.1
Entire Network,FluSurv-NET,2022-23,2022,43,Overall,Overall,Asian/Pacific Islander,1.5,0.9
Entire Network,FluSurv-NET,2022-23,2022,43,Overall,Overall,American Indian/Alaska Native,1.5,0
Entire Network,FluSurv-NET,2022-23,2022,43,Overall,Male,Overall,3.3,1.4
Entire Network,FluSurv-NET,2022-23,2022,43,Overall,Overall,Overall,3.7,1.8
Entire Network,FluSurv-NET,2022-23,2022,44,Overall,Male,Overall,5.7,2.3
Entire Network,FluSurv-NET,2022-23,2022,44,Overall,Overall,Overall,6.2,2.5
Entire Network,FluSurv-NET,2022-23,2022,44,Overall,Overall,Black,16.6,6
Entire Network,FluSurv-NET,2022-23,2022,44,Overall,Overall,Hispanic/Latino,4.1,1.7
Entire Network,FluSurv-NET,2022-23,2022,44,Overall,Overall,Asian/Pacific Islander,2.4,0.8
Entire Network,FluSurv-NET,2022-23,2022,44,Overall,Overall,American Indian/Alaska Native,3.9,2.5
Entire Network,FluSurv-NET,2022-23,2022,44,Overall,Female,Overall,6.8,2.7
Entire Network,FluSurv-NET,2022-23,2022,44,Overall,Overall,White,4.1,1.8
Entire Network,FluSurv-NET,2022-23,2022,45,Overall,Overall,White,6.3,2.3
Entire Network,FluSurv-NET,2022-23,2022,45,Overall,Female,Overall,10.4,3.6
Entire Network,FluSurv-NET,2022-23,2022,45,Overall,Overall,Hispanic/Latino,6.7,2.6
Entire Network,FluSurv-NET,2022-23,2022,45,Overall,Overall,Black,23.3,6.7
Entire Network,FluSurv-NET,2022-23,2022,45,Overall,Overall,Overall,9.5,3.2
Entire Network,FluSurv-NET,2022-23,2022,45,Overall,Male,Overall,8.5,2.9
Entire Network,FluSurv-NET,2022-23,2022,45,Overall,Overall,American Indian/Alaska Native,7.4,3.4
Entire Network,FluSurv-NET,2022-23,2022,45,Overall,Overall,Asian/Pacific Islander,3.7,1.4
Entire Network,FluSurv-NET,2022-23,2022,46,Overall,Overall,Overall,13.4,3.9
Entire Network,FluSurv-NET,2022-23,2022,46,Overall,Overall,White,9.3,3
Entire Network,FluSurv-NET,2022-23,2022,46,Overall,Overall,Black,30,6.7
Entire Network,FluSurv-NET,2022-23,2022,46,Overall,Overall,Hispanic/Latino,9.7,3
Entire Network,FluSurv-NET,2022-23,2022,46,Overall,Overall,Asian/Pacific Islander,6,2.2
Entire Network,FluSurv-NET,2022-23,2022,46,Overall,Overall,American Indian/Alaska Native,15.3,7.9
Entire Network,FluSurv-NET,2022-23,2022,46,Overall,Male,Overall,12.4,3.8
Entire Network,FluSurv-NET,2022-23,2022,46,Overall,Female,Overall,14.3,3.9
Entire Network,FluSurv-NET,2022-23,2022,47,Overall,Overall,Overall,20.3,7
Entire Network,FluSurv-NET,2022-23,2022,47,Overall,Overall,Black,40.9,11
Entire Network,FluSurv-NET,2022-23,2022,47,Overall,Overall,White,15.2,5.9
Entire Network,FluSurv-NET,2022-23,2022,47,Overall,Male,Overall,18.5,6.1
Entire Network,FluSurv-NET,2022-23,2022,47,Overall,Overall,American Indian/Alaska Native,22.6,7.4
Entire Network,FluSurv-NET,2022-23,2022,47,Overall,Overall,Asian/Pacific Islander,9.1,3.2
Entire Network,FluSurv-NET,2022-23,2022,47,Overall,Overall,Hispanic/Latino,15.3,5.6
Entire Network,FluSurv-NET,2022-23,2022,47,Overall,Female,Overall,22.1,7.8
Entire Network,FluSurv-NET,2022-23,2022,48,Overall,Overall,Asian/Pacific Islander,12.9,3.8
Entire Network,FluSurv-NET,2022-23,2022,48,Overall,Overall,American Indian/Alaska Native,36.4,13.8
Entire Network,FluSurv-NET,2022-23,2022,48,Overall,Male,Overall,26.3,7.9
Entire Network,FluSurv-NET,2022-23,2022,48,Overall,Overall,Overall,29,8.7
Entire Network,FluSurv-NET,2022-23,2022,48,Overall,Overall,White,23.2,8
Entire Network,FluSurv-NET,2022-23,2022,48,Overall,Overall,Black,52.2,11.3
Entire Network,FluSurv-NET,2022-23,2022,48,Overall,Overall,Hispanic/Latino,23.6,8.3
Entire Network,FluSurv-NET,2022-23,2022,48,Overall,Female,Overall,31.6,9.5
Entire Network,FluSurv-NET,2022-23,2022,49,Overall,Female,Overall,39.5,7.9
Entire Network,FluSurv-NET,2022-23,2022,49,Overall,Overall,White,29.8,6.6
Entire Network,FluSurv-NET,2022-23,2022,49,Overall,Overall,Hispanic/Latino,31.4,7.8
Entire Network,FluSurv-NET,2022-23,2022,49,Overall,Overall,Black,61.2,9
Entire Network,FluSurv-NET,2022-23,2022,49,Overall,Overall,Overall,36.3,7.3
Entire Network,FluSurv-NET,2022-23,2022,49,Overall,Male,Overall,33,6.6
Entire Network,FluSurv-NET,2022-23,2022,49,Overall,Overall,American Indian/Alaska Native,46.2,9.8
Entire Network,FluSurv-NET,2022-23,2022,49,Overall,Overall,Asian/Pacific Islander,16.4,3.5
Entire Network,FluSurv-NET,2022-23,2022,50,Overall,Male,Overall,38.8,5.9
Entire Network,FluSurv-NET,2022-23,2022,50,Overall,Overall,American Indian/Alaska Native,54.6,8.4
Entire Network,FluSurv-NET,2022-23,2022,50,Overall,Overall,Asian/Pacific Islander,19.2,2.8
Entire Network,FluSurv-NET,2022-23,2022,50,Overall,Overall,Hispanic/Latino,38,6.6
Entire Network,FluSurv-NET,2022-23,2022,50,Overall,Overall,Overall,42.7,6.4
Entire Network,FluSurv-NET,2022-23,2022,50,Overall,Female,Overall,46.4,6.9
Entire Network,FluSurv-NET,2022-23,2022,50,Overall,Overall,Black,67.7,6.5
Entire Network,FluSurv-NET,2022-23,2022,50,Overall,Overall,White,35.9,6.2
Entire Network,FluSurv-NET,2022-23,2022,51,Overall,Overall,White,41.4,5.5
Entire Network,FluSurv-NET,2022-23,2022,51,Overall,Overall,Black,73.3,5.5
Entire Network,FluSurv-NET,2022-23,2022,51,Overall,Overall,Hispanic/Latino,43.9,5.8
Entire Network,FluSurv-NET,2022-23,2022,51,Overall,Overall,Asian/Pacific Islander,21.6,2.4
Entire Network,FluSurv-NET,2022-23,2022,51,Overall,Overall,American Indian/Alaska Native,64,9.3
Entire Network,FluSurv-NET,2022-23,2022,51,Overall,Male,Overall,44.4,5.5
Entire Network,FluSurv-NET,2022-23,2022,51,Overall,Female,Overall,52,5.7
Entire Network,FluSurv-NET,2022-23,2022,51,Overall,Overall,Overall,48.3,5.6
Entire Network,FluSurv-NET,2022-23,2022,52,Overall,Overall,White,46.7,5.3
Entire Network,FluSurv-NET,2022-23,2022,52,Overall,Overall,Overall,53.4,5.1
Entire Network,FluSurv-NET,2022-23,2022,52,Overall,Male,Overall,49.3,4.9
Entire Network,FluSurv-NET,2022-23,2022,52,Overall,Female,Overall,57.5,5.4
Entire Network,FluSurv-NET,2022-23,2022,52,Overall,Overall,American Indian/Alaska Native,72.3,8.4
Entire Network,FluSurv-NET,2022-23,2022,52,Overall,Overall,Asian/Pacific Islander,23.9,2.3
Entire Network,FluSurv-NET,2022-23,2022,52,Overall,Overall,Hispanic/Latino,48.5,4.6
Entire Network,FluSurv-NET,2022-23,2022,52,Overall,Overall,Black,78,4.7
Entire Network,FluSurv-NET,2022-23,2023,1,Overall,Overall,White,49.8,3.1
Entire Network,FluSurv-NET,2022-23,2023,1,Overall,Overall,Black,80.7,2.7
Entire Network,FluSurv-NET,2022-23,2023,1,Overall,Overall,Hispanic/Latino,51,2.5
Entire Network,FluSurv-NET,2022-23,2023,1,Overall,Overall,Asian/Pacific Islander,25.4,1.5
Entire Network,FluSurv-NET,2022-23,2023,1,Overall,Overall,American Indian/Alaska Native,77.2,4.9
Entire Network,FluSurv-NET,2022-23,2023,1,Overall,Male,Overall,52.2,2.9
Entire Network,FluSurv-NET,2022-23,2023,1,Overall,Female,Overall,60.5,3.1
Entire Network,FluSurv-NET,2022-23,2023,1,Overall,Overall,Overall,56.4,3
Entire Network,FluSurv-NET,2022-23,2023,2,Overall,Overall,White,51.1,1.3
Entire Network,FluSurv-NET,2022-23,2023,2,Overall,Overall,Black,81.9,1.2
Entire Network,FluSurv-NET,2022-23,2023,2,Overall,Overall,Hispanic/Latino,52.4,1.4
Entire Network,FluSurv-NET,2022-23,2023,2,Overall,Overall,Asian/Pacific Islander,25.8,0.3
Entire Network,FluSurv-NET,2022-23,2023,2,Overall,Overall,American Indian/Alaska Native,79.7,2.5
Entire Network,FluSurv-NET,2022-23,2023,2,Overall,Male,Overall,53.5,1.3
Entire Network,FluSurv-NET,2022-23,2023,2,Overall,Female,Overall,61.8,1.3
Entire Network,FluSurv-NET,2022-23,2023,2,Overall,Overall,Overall,57.7,1.3
Entire Network,FluSurv-NET,2022-23,2023,3,Overall,Overall,Hispanic/Latino,53,0.6
Entire Network,FluSurv-NET,2022-23,2023,3,Overall,Overall,Asian/Pacific Islander,26.1,0.3
Entire Network,FluSurv-NET,2022-23,2023,3,Overall,Overall,American Indian/Alaska Native,79.7,0
Entire Network,FluSurv-NET,2022-23,2023,3,Overall,Male,Overall,54.2,0.7
Entire Network,FluSurv-NET,2022-23,2023,3,Overall,Female,Overall,62.6,0.8
Entire Network,FluSurv-NET,2022-23,2023,3,Overall,Overall,Overall,58.5,0.8
Entire Network,FluSurv-NET,2022-23,2023,3,Overall,Overall,White,51.9,0.8
Entire Network,FluSurv-NET,2022-23,2023,3,Overall,Overall,Black,82.9,1
Entire Network,FluSurv-NET,2022-23,2023,4,Overall,Overall,Overall,58.9,0.5
Entire Network,FluSurv-NET,2022-23,2023,4,Overall,Overall,American Indian/Alaska Native,80.2,0.5
Entire Network,FluSurv-NET,2022-23,2023,4,Overall,Male,Overall,54.7,0.5
Entire Network,FluSurv-NET,2022-23,2023,4,Overall,Female,Overall,63,0.4
Entire Network,FluSurv-NET,2022-23,2023,4,Overall,Overall,White,52.3,0.4
Entire Network,FluSurv-NET,2022-23,2023,4,Overall,Overall,Black,83.4,0.5
Entire Network,FluSurv-NET,2022-23,2023,4,Overall,Overall,Hispanic/Latino,53.3,0.3
Entire Network,FluSurv-NET,2022-23,2023,4,Overall,Overall,Asian/Pacific Islander,26.2,0.2
Entire Network,FluSurv-NET,2022-23,2023,5,Overall,Female,Overall,63.5,0.5
Entire Network,FluSurv-NET,2022-23,2023,5,Overall,Overall,American Indian/Alaska Native,80.7,0.5
Entire Network,FluSurv-NET,2022-23,2023,5,Overall,Male,Overall,55.1,0.4
Entire Network,FluSurv-NET,2022-23,2023,5,Overall,Overall,White,52.7,0.4
Entire Network,FluSurv-NET,2022-23,2023,5,Overall,Overall,Black,83.9,0.5
Entire Network,FluSurv-NET,2022-23,2023,5,Overall,Overall,Hispanic/Latino,53.8,0.5
Entire Network,FluSurv-NET,2022-23,2023,5,Overall,Overall,Asian/Pacific Islander,26.5,0.2
Entire Network,FluSurv-NET,2022-23,2023,5,Overall,Overall,Overall,59.4,0.4
Entire Network,FluSurv-NET,2022-23,2023,6,Overall,Male,Overall,55.5,0.3
Entire Network,FluSurv-NET,2022-23,2023,6,Overall,Overall,Overall,59.7,0.4
Entire Network,FluSurv-NET,2022-23,2023,6,Overall,Female,Overall,63.8,0.4
Entire Network,FluSurv-NET,2022-23,2023,6,Overall,Overall,White,53,0.3
Entire Network,FluSurv-NET,2022-23,2023,6,Overall,Overall,Black,84.4,0.4
Entire Network,FluSurv-NET,2022-23,2023,6,Overall,Overall,Hispanic/Latino,54.1,0.3
Entire Network,FluSurv-NET,2022-23,2023,6,Overall,Overall,Asian/Pacific Islander,26.7,0.2
Entire Network,FluSurv-NET,2022-23,2023,6,Overall,Overall,American Indian/Alaska Native,80.7,0
Entire Network,FluSurv-NET,2022-23,2023,7,Overall,Overall,American Indian/Alaska Native,80.7,0
Entire Network,FluSurv-NET,2022-23,2023,7,Overall,Overall,Asian/Pacific Islander,26.8,0.1
Entire Network,FluSurv-NET,2022-23,2023,7,Overall,Overall,Hispanic/Latino,54.3,0.2
Entire Network,FluSurv-NET,2022-23,2023,7,Overall,Overall,Black,84.8,0.4
Entire Network,FluSurv-NET,2022-23,2023,7,Overall,Overall,White,53.3,0.3
Entire Network,FluSurv-NET,2022-23,2023,7,Overall,Female,Overall,64.2,0.3
Entire Network,FluSurv-NET,2022-23,2023,7,Overall,Overall,Overall,60,0.3
Entire Network,FluSurv-NET,2022-23,2023,7,Overall,Male,Overall,55.7,0.3
Entire Network,FluSurv-NET,2022-23,2023,8,Overall,Overall,White,53.5,0.2
Entire Network,FluSurv-NET,2022-23,2023,8,Overall,Overall,Black,85.2,0.5
Entire Network,FluSurv-NET,2022-23,2023,8,Overall,Overall,Hispanic/Latino,54.5,0.2
Entire Network,FluSurv-NET,2022-23,2023,8,Overall,Overall,Asian/Pacific Islander,27,0.2
Entire Network,FluSurv-NET,2022-23,2023,8,Overall,Overall,American Indian/Alaska Native,80.7,0
Entire Network,FluSurv-NET,2022-23,2023,8,Overall,Male,Overall,56,0.3
Entire Network,FluSurv-NET,2022-23,2023,8,Overall,Overall,Overall,60.3,0.3
Entire Network,FluSurv-NET,2022-23,2023,8,Overall,Female,Overall,64.4,0.2
Entire Network,FluSurv-NET,2022-23,2023,9,Overall,Female,Overall,64.6,0.2
Entire Network,FluSurv-NET,2022-23,2023,9,Overall,Overall,Asian/Pacific Islander,27.2,0.2
Entire Network,FluSurv-NET,2022-23,2023,9,Overall,Overall,Hispanic/Latino,54.7,0.2
Entire Network,FluSurv-NET,2022-23,2023,9,Overall,Overall,Black,85.6,0.4
Entire Network,FluSurv-NET,2022-23,2023,9,Overall,Overall,White,53.7,0.2
Entire Network,FluSurv-NET,2022-23,2023,9,Overall,Male,Overall,56.3,0.3
Entire Network,FluSurv-NET,2022-23,2023,9,Overall,Overall,American Indian/Alaska Native,80.7,0
Entire Network,FluSurv-NET,2022-23,2023,9,Overall,Overall,Overall,60.5,0.2
Entire Network,FluSurv-NET,2022-23,2023,10,Overall,Overall,Asian/Pacific Islander,27.4,0.2
Entire Network,FluSurv-NET,2022-23,2023,10,Overall,Overall,American Indian/Alaska Native,80.7,0
Entire Network,FluSurv-NET,2022-23,2023,10,Overall,Male,Overall,56.6,0.2
Entire Network,FluSurv-NET,2022-23,2023,10,Overall,Overall,Overall,60.8,0.3
Entire Network,FluSurv-NET,2022-23,2023,10,Overall,Overall,Hispanic/Latino,54.8,0.2
Entire Network,FluSurv-NET,2022-23,2023,10,Overall,Female,Overall,64.9,0.3
Entire Network,FluSurv-NET,2022-23,2023,10,Overall,Overall,Black,86,0.4
Entire Network,FluSurv-NET,2022-23,2023,10,Overall,Overall,White,53.9,0.2
Entire Network,FluSurv-NET,2022-23,2023,11,Overall,Female,Overall,65.2,0.3
Entire Network,FluSurv-NET,2022-23,2023,11,Overall,Overall,American Indian/Alaska Native,80.7,0
Entire Network,FluSurv-NET,2022-23,2023,11,Overall,Male,Overall,56.8,0.2
Entire Network,FluSurv-NET,2022-23,2023,11,Overall,Overall,White,54.1,0.2
Entire Network,FluSurv-NET,2022-23,2023,11,Overall,Overall,Black,86.3,0.4
Entire Network,FluSurv-NET,2022-23,2023,11,Overall,Overall,Hispanic/Latino,55.1,0.2
Entire Network,FluSurv-NET,2022-23,2023,11,Overall,Overall,Asian/Pacific Islander,27.5,0.1
Entire Network,FluSurv-NET,2022-23,2023,11,Overall,Overall,Overall,61.1,0.3
Entire Network,FluSurv-NET,2022-23,2023,12,Overall,Overall,Overall,61.3,0.3
Entire Network,FluSurv-NET,2022-23,2023,12,Overall,Male,Overall,57,0.3
Entire Network,FluSurv-NET,2022-23,2023,12,Overall,Overall,American Indian/Alaska Native,80.7,0
Entire Network,FluSurv-NET,2022-23,2023,12,Overall,Overall,Asian/Pacific Islander,27.6,0.1
Entire Network,FluSurv-NET,2022-23,2023,12,Overall,Overall,Hispanic/Latino,55.3,0.2
Entire Network,FluSurv-NET,2022-23,2023,12,Overall,Female,Overall,65.5,0.3
Entire Network,FluSurv-NET,2022-23,2023,12,Overall,Overall,Black,86.9,0.5
Entire Network,FluSurv-NET,2022-23,2023,12,Overall,Overall,White,54.4,0.2
Entire Network,FluSurv-NET,2022-23,2023,13,Overall,Overall,White,54.5,0.2
Entire Network,FluSurv-NET,2022-23,2023,13,Overall,Overall,Black,87.4,0.5
Entire Network,FluSurv-NET,2022-23,2023,13,Overall,Female,Overall,65.7,0.3
Entire Network,FluSurv-NET,2022-23,2023,13,Overall,Overall,Hispanic/Latino,55.6,0.3
Entire Network,FluSurv-NET,2022-23,2023,13,Overall,Overall,Asian/Pacific Islander,27.7,0.1
Entire Network,FluSurv-NET,2022-23,2023,13,Overall,Overall,American Indian/Alaska Native,82.2,1.5
Entire Network,FluSurv-NET,2022-23,2023,13,Overall,Male,Overall,57.3,0.3
Entire Network,FluSurv-NET,2022-23,2023,13,Overall,Overall,Overall,61.6,0.3
Entire Network,FluSurv-NET,2022-23,2023,14,Overall,Overall,Overall,61.8,0.3
Entire Network,FluSurv-NET,2022-23,2023,14,Overall,Female,Overall,66,0.3
Entire Network,FluSurv-NET,2022-23,2023,14,Overall,Male,Overall,57.5,0.2
Entire Network,FluSurv-NET,2022-23,2023,14,Overall,Overall,American Indian/Alaska Native,82.7,0.5
Entire Network,FluSurv-NET,2022-23,2023,14,Overall,Overall,Asian/Pacific Islander,27.9,0.2
Entire Network,FluSurv-NET,2022-23,2023,14,Overall,Overall,Hispanic/Latino,55.7,0.1
Entire Network,FluSurv-NET,2022-23,2023,14,Overall,Overall,Black,87.8,0.4
Entire Network,FluSurv-NET,2022-23,2023,14,Overall,Overall,White,54.7,0.2
Entire Network,FluSurv-NET,2022-23,2023,15,Overall,Overall,Asian/Pacific Islander,27.9,0
Entire Network,FluSurv-NET,2022-23,2023,15,Overall,Overall,Hispanic/Latino,55.9,0.2
Entire Network,FluSurv-NET,2022-23,2023,15,Overall,Overall,Black,88.2,0.4
Entire Network,FluSurv-NET,2022-23,2023,15,Overall,Overall,White,54.9,0.2
Entire Network,FluSurv-NET,2022-23,2023,15,Overall,Female,Overall,66.2,0.2
Entire Network,FluSurv-NET,2022-23,2023,15,Overall,Male,Overall,57.8,0.2
Entire Network,FluSurv-NET,2022-23,2023,15,Overall,Overall,American Indian/Alaska Native,82.7,0
Entire Network,FluSurv-NET,2022-23,2023,15,Overall,Overall,Overall,62.1,0.2
Entire Network,FluSurv-NET,2022-23,2023,16,Overall,Overall,White,55.1,0.1
Entire Network,FluSurv-NET,2022-23,2023,16,Overall,Overall,Black,88.5,0.3
Entire Network,FluSurv-NET,2022-23,2023,16,Overall,Overall,Hispanic/Latino,56.1,0.2
Entire Network,FluSurv-NET,2022-23,2023,16,Overall,Overall,Asian/Pacific Islander,28,0.1
Entire Network,FluSurv-NET,2022-23,2023,16,Overall,Overall,American Indian/Alaska Native,83.6,1
Entire Network,FluSurv-NET,2022-23,2023,16,Overall,Male,Overall,57.9,0.2
Entire Network,FluSurv-NET,2022-23,2023,16,Overall,Female,Overall,66.4,0.2
Entire Network,FluSurv-NET,2022-23,2023,16,Overall,Overall,Overall,62.3,0.2
Entire Network,FluSurv-NET,2022-23,2023,17,Overall,Overall,White,55.2,0.1
Entire Network,FluSurv-NET,2022-23,2023,17,Overall,Overall,Hispanic/Latino,56.1,0
Entire Network,FluSurv-NET,2022-23,2023,17,Overall,Overall,Black,88.9,0.4
Entire Network,FluSurv-NET,2022-23,2023,17,Overall,Female,Overall,66.6,0.2
Entire Network,FluSurv-NET,2022-23,2023,17,Overall,Overall,Overall,62.4,0.2
Entire Network,FluSurv-NET,2022-23,2023,17,Overall,Male,Overall,58.1,0.2
Entire Network,FluSurv-NET,2022-23,2023,17,Overall,Overall,American Indian/Alaska Native,84.1,0.5
Entire Network,FluSurv-NET,2022-23,2023,17,Overall,Overall,Asian/Pacific Islander,28.1,0.1
Entire Network,FluSurv-NET,2022-23,2022,40,0-4 yr,Overall,Overall,0.9,0.9
Entire Network,FluSurv-NET,2022-23,2022,41,0-4 yr,Overall,Overall,1.7,0.8
Entire Network,FluSurv-NET,2022-23,2022,42,0-4 yr,Overall,Overall,3.5,1.9
Entire Network,FluSurv-NET,2022-23,2022,43,0-4 yr,Overall,Overall,6.5,2.9
Entire Network,FluSurv-NET,2022-23,2022,44,0-4 yr,Overall,Overall,10.1,3.7
Entire Network,FluSurv-NET,2022-23,2022,45,0-4 yr,Overall,Overall,15.8,5.7
Entire Network,FluSurv-NET,2022-23,2022,46,0-4 yr,Overall,Overall,22.3,6.5
Entire Network,FluSurv-NET,2022-23,2022,47,0-4 yr,Overall,Overall,33.5,11.3
Entire Network,FluSurv-NET,2022-23,2022,48,0-4 yr,Overall,Overall,44.4,10.9
Entire Network,FluSurv-NET,2022-23,2022,49,0-4 yr,Overall,Overall,53.4,9
Entire Network,FluSurv-NET,2022-23,2022,50,0-4 yr,Overall,Overall,61.7,8.3
Entire Network,FluSurv-NET,2022-23,2022,51,0-4 yr,Overall,Overall,68.1,6.4
Entire Network,FluSurv-NET,2022-23,2022,52,0-4 yr,Overall,Overall,73.2,5
Entire Network,FluSurv-NET,2022-23,2023,1,0-4 yr,Overall,Overall,75.1,1.9
Entire Network,FluSurv-NET,2022-23,2023,2,0-4 yr,Overall,Overall,76.3,1.2
Entire Network,FluSurv-NET,2022-23,2023,3,0-4 yr,Overall,Overall,76.9,0.6
Entire Network,FluSurv-NET,2022-23,2023,4,0-4 yr,Overall,Overall,77.1,0.2
Entire Network,FluSurv-NET,2022-23,2023,5,0-4 yr,Overall,Overall,77.4,0.3
Entire Network,FluSurv-NET,2022-23,2023,6,0-4 yr,Overall,Overall,77.7,0.3
Entire Network,FluSurv-NET,2022-23,2023,7,0-4 yr,Overall,Overall,77.9,0.2
Entire Network,FluSurv-NET,2022-23,2023,8,0-4 yr,Overall,Overall,78.2,0.2
Entire Network,FluSurv-NET,2022-23,2023,9,0-4 yr,Overall,Overall,78.5,0.4
Entire Network,FluSurv-NET,2022-23,2023,10,0-4 yr,Overall,Overall,78.8,0.3
Entire Network,FluSurv-NET,2022-23,2023,11,0-4 yr,Overall,Overall,79,0.2
Entire Network,FluSurv-NET,2022-23,2023,12,0-4 yr,Overall,Overall,79.3,0.3
Entire Network,FluSurv-NET,2022-23,2023,13,0-4 yr,Overall,Overall,79.5,0.2
Entire Network,FluSurv-NET,2022-23,2023,14,0-4 yr,Overall,Overall,79.8,0.2
Entire Network,FluSurv-NET,2022-23,2023,15,0-4 yr,Overall,Overall,80.2,0.4
Entire Network,FluSurv-NET,2022-23,2023,16,0-4 yr,Overall,Overall,80.4,0.2
Entire Network,FluSurv-NET,2022-23,2023,17,0-4 yr,Overall,Overall,80.6,0.2
Entire Network,FluSurv-NET,2022-23,2022,40,5-17 yr,Overall,Overall,0.5,0.5
Entire Network,FluSurv-NET,2022-23,2022,41,5-17 yr,Overall,Overall,1,0.5
Entire Network,FluSurv-NET,2022-23,2022,42,5-17 yr,Overall,Overall,1.9,1
Entire Network,FluSurv-NET,2022-23,2022,43,5-17 yr,Overall,Overall,3.2,1.3
Entire Network,FluSurv-NET,2022-23,2022,44,5-17 yr,Overall,Overall,5.6,2.4
Entire Network,FluSurv-NET,2022-23,2022,45,5-17 yr,Overall,Overall,8.2,2.6
Entire Network,FluSurv-NET,2022-23,2022,46,5-17 yr,Overall,Overall,10.7,2.5
Entire Network,FluSurv-NET,2022-23,2022,47,5-17 yr,Overall,Overall,14.3,3.6
Entire Network,FluSurv-NET,2022-23,2022,48,5-17 yr,Overall,Overall,17.6,3.2
Entire Network,FluSurv-NET,2022-23,2022,49,5-17 yr,Overall,Overall,20.4,2.8
Entire Network,FluSurv-NET,2022-23,2022,50,5-17 yr,Overall,Overall,23.5,3.1
Entire Network,FluSurv-NET,2022-23,2022,51,5-17 yr,Overall,Overall,25.6,2.1
Entire Network,FluSurv-NET,2022-23,2022,52,5-17 yr,Overall,Overall,26.8,1.3
Entire Network,FluSurv-NET,2022-23,2023,1,5-17 yr,Overall,Overall,27.3,0.4
Entire Network,FluSurv-NET,2022-23,2023,2,5-17 yr,Overall,Overall,27.5,0.3
Entire Network,FluSurv-NET,2022-23,2023,3,5-17 yr,Overall,Overall,27.7,0.2
Entire Network,FluSurv-NET,2022-23,2023,4,5-17 yr,Overall,Overall,27.8,0.1
Entire Network,FluSurv-NET,2022-23,2023,5,5-17 yr,Overall,Overall,27.9,0.1
Entire Network,FluSurv-NET,2022-23,2023,6,5-17 yr,Overall,Overall,28.1,0.1
Entire Network,FluSurv-NET,2022-23,2023,7,5-17 yr,Overall,Overall,28.1,0.1
Entire Network,FluSurv-NET,2022-23,2023,8,5-17 yr,Overall,Overall,28.3,0.2
Entire Network,FluSurv-NET,2022-23,2023,9,5-17 yr,Overall,Overall,28.4,0
Entire Network,FluSurv-NET,2022-23,2023,10,5-17 yr,Overall,Overall,28.5,0.2
Entire Network,FluSurv-NET,2022-23,2023,11,5-17 yr,Overall,Overall,28.7,0.1
Entire Network,FluSurv-NET,2022-23,2023,12,5-17 yr,Overall,Overall,28.9,0.2
Entire Network,FluSurv-NET,2022-23,2023,13,5-17 yr,Overall,Overall,29.1,0.2
Entire Network,FluSurv-NET,2022-23,2023,14,5-17 yr,Overall,Overall,29.4,0.3
Entire Network,FluSurv-NET,2022-23,2023,15,5-17 yr,Overall,Overall,29.4,0.1
Entire Network,FluSurv-NET,2022-23,2023,16,5-17 yr,Overall,Overall,29.5,0.1
Entire Network,FluSurv-NET,2022-23,2023,17,5-17 yr,Overall,Overall,29.7,0.1
Entire Network,FluSurv-NET,2022-23,2022,40,18-49 yr,Overall,Overall,0.2,0.2
Entire Network,FluSurv-NET,2022-23,2022,41,18-49 yr,Overall,Overall,0.5,0.3
Entire Network,FluSurv-NET,2022-23,2022,42,18-49 yr,Overall,Overall,1,0.5
Entire Network,FluSurv-NET,2022-23,2022,43,18-49 yr,Overall,Overall,1.8,0.9
Entire Network,FluSurv-NET,2022-23,2022,44,18-49 yr,Overall,Overall,3.1,1.3
Entire Network,FluSurv-NET,2022-23,2022,45,18-49 yr,Overall,Overall,4.8,1.7
Entire Network,FluSurv-NET,2022-23,2022,46,18-49 yr,Overall,Overall,6.6,1.8
Entire Network,FluSurv-NET,2022-23,2022,47,18-49 yr,Overall,Overall,10,3.3
Entire Network,FluSurv-NET,2022-23,2022,48,18-49 yr,Overall,Overall,13.7,3.7
Entire Network,FluSurv-NET,2022-23,2022,49,18-49 yr,Overall,Overall,16.7,2.9
Entire Network,FluSurv-NET,2022-23,2022,50,18-49 yr,Overall,Overall,19.4,2.8
Entire Network,FluSurv-NET,2022-23,2022,51,18-49 yr,Overall,Overall,21.7,2.3
Entire Network,FluSurv-NET,2022-23,2022,52,18-49 yr,Overall,Overall,23.5,1.8
Entire Network,FluSurv-NET,2022-23,2023,1,18-49 yr,Overall,Overall,24.7,1.1
Entire Network,FluSurv-NET,2022-23,2023,2,18-49 yr,Overall,Overall,25.2,0.5
Entire Network,FluSurv-NET,2022-23,2023,3,18-49 yr,Overall,Overall,25.6,0.4
Entire Network,FluSurv-NET,2022-23,2023,4,18-49 yr,Overall,Overall,25.8,0.2
Entire Network,FluSurv-NET,2022-23,2023,5,18-49 yr,Overall,Overall,25.9,0.2
Entire Network,FluSurv-NET,2022-23,2023,6,18-49 yr,Overall,Overall,26.1,0.1
Entire Network,FluSurv-NET,2022-23,2023,7,18-49 yr,Overall,Overall,26.2,0.1
Entire Network,FluSurv-NET,2022-23,2023,8,18-49 yr,Overall,Overall,26.3,0.1
Entire Network,FluSurv-NET,2022-23,2023,9,18-49 yr,Overall,Overall,26.4,0.1
Entire Network,FluSurv-NET,2022-23,2023,10,18-49 yr,Overall,Overall,26.5,0.1
Entire Network,FluSurv-NET,2022-23,2023,11,18-49 yr,Overall,Overall,26.6,0.2
Entire Network,FluSurv-NET,2022-23,2023,12,18-49 yr,Overall,Overall,26.8,0.1
Entire Network,FluSurv-NET,2022-23,2023,13,18-49 yr,Overall,Overall,26.9,0.1
Entire Network,FluSurv-NET,2022-23,2023,14,18-49 yr,Overall,Overall,27,0.1
Entire Network,FluSurv-NET,2022-23,2023,15,18-49 yr,Overall,Overall,27.2,0.1
Entire Network,FluSurv-NET,2022-23,2023,16,18-49 yr,Overall,Overall,27.3,0.1
Entire Network,FluSurv-NET,2022-23,2023,17,18-49 yr,Overall,Overall,27.4,0.1
Entire Network,FluSurv-NET,2022-23,2022,40,50-64 yr,Overall,Overall,0.5,0.5
Entire Network,FluSurv-NET,2022-23,2022,41,50-64 yr,Overall,Overall,1.1,0.7
Entire Network,FluSurv-NET,2022-23,2022,42,50-64 yr,Overall,Overall,1.9,0.8
Entire Network,FluSurv-NET,2022-23,2022,43,50-64 yr,Overall,Overall,4,2.1
Entire Network,FluSurv-NET,2022-23,2022,44,50-64 yr,Overall,Overall,6.7,2.7
Entire Network,FluSurv-NET,2022-23,2022,45,50-64 yr,Overall,Overall,9.5,2.9
Entire Network,FluSurv-NET,2022-23,2022,46,50-64 yr,Overall,Overall,13.7,4.2
Entire Network,FluSurv-NET,2022-23,2022,47,50-64 yr,Overall,Overall,20.9,7.2
Entire Network,FluSurv-NET,2022-23,2022,48,50-64 yr,Overall,Overall,30.4,9.4
Entire Network,FluSurv-NET,2022-23,2022,49,50-64 yr,Overall,Overall,38.5,8.1
Entire Network,FluSurv-NET,2022-23,2022,50,50-64 yr,Overall,Overall,45.5,7
Entire Network,FluSurv-NET,2022-23,2022,51,50-64 yr,Overall,Overall,51.9,6.5
Entire Network,FluSurv-NET,2022-23,2022,52,50-64 yr,Overall,Overall,57.4,5.5
Entire Network,FluSurv-NET,2022-23,2023,1,50-64 yr,Overall,Overall,60.7,3.2
Entire Network,FluSurv-NET,2022-23,2023,2,50-64 yr,Overall,Overall,62.3,1.6
Entire Network,FluSurv-NET,2022-23,2023,3,50-64 yr,Overall,Overall,63.2,0.9
Entire Network,FluSurv-NET,2022-23,2023,4,50-64 yr,Overall,Overall,63.8,0.7
Entire Network,FluSurv-NET,2022-23,2023,5,50-64 yr,Overall,Overall,64.4,0.5
Entire Network,FluSurv-NET,2022-23,2023,6,50-64 yr,Overall,Overall,64.8,0.5
Entire Network,FluSurv-NET,2022-23,2023,7,50-64 yr,Overall,Overall,65.1,0.3
Entire Network,FluSurv-NET,2022-23,2023,8,50-64 yr,Overall,Overall,65.5,0.4
Entire Network,FluSurv-NET,2022-23,2023,9,50-64 yr,Overall,Overall,65.8,0.3
Entire Network,FluSurv-NET,2022-23,2023,10,50-64 yr,Overall,Overall,66.1,0.3
Entire Network,FluSurv-NET,2022-23,2023,11,50-64 yr,Overall,Overall,66.3,0.2
Entire Network,FluSurv-NET,2022-23,2023,12,50-64 yr,Overall,Overall,66.6,0.3
Entire Network,FluSurv-NET,2022-23,2023,13,50-64 yr,Overall,Overall,66.9,0.3
Entire Network,FluSurv-NET,2022-23,2023,14,50-64 yr,Overall,Overall,67.3,0.4
Entire Network,FluSurv-NET,2022-23,2023,15,50-64 yr,Overall,Overall,67.5,0.2
Entire Network,FluSurv-NET,2022-23,2023,16,50-64 yr,Overall,Overall,67.7,0.2
Entire Network,FluSurv-NET,2022-23,2023,17,50-64 yr,Overall,Overall,67.9,0.2
Entire Network,FluSurv-NET,2022-23,2022,40,65+ yr,Overall,Overall,1,1
Entire Network,FluSurv-NET,2022-23,2022,41,65+ yr,Overall,Overall,2.2,1.2
Entire Network,FluSurv-NET,2022-23,2022,42,65+ yr,Overall,Overall,4.5,2.3
Entire Network,FluSurv-NET,2022-23,2022,43,65+ yr,Overall,Overall,8.5,4
Entire Network,FluSurv-NET,2022-23,2022,44,65+ yr,Overall,Overall,14,5.4
Entire Network,FluSurv-NET,2022-23,2022,45,65+ yr,Overall,Overall,21.9,8
Entire Network,FluSurv-NET,2022-23,2022,46,65+ yr,Overall,Overall,32.1,10.2
Entire Network,FluSurv-NET,2022-23,2022,47,65+ yr,Overall,Overall,51.3,19.2
Entire Network,FluSurv-NET,2022-23,2022,48,65+ yr,Overall,Overall,78.7,27.4
Entire Network,FluSurv-NET,2022-23,2022,49,65+ yr,Overall,Overall,101.8,23.2
Entire Network,FluSurv-NET,2022-23,2022,50,65+ yr,Overall,Overall,120.8,19
Entire Network,FluSurv-NET,2022-23,2022,51,65+ yr,Overall,Overall,138.6,17.8
Entire Network,FluSurv-NET,2022-23,2022,52,65+ yr,Overall,Overall,157.3,18.7
Entire Network,FluSurv-NET,2022-23,2023,1,65+ yr,Overall,Overall,168.5,11.2
Entire Network,FluSurv-NET,2022-23,2023,2,65+ yr,Overall,Overall,172.7,4.2
Entire Network,FluSurv-NET,2022-23,2023,3,65+ yr,Overall,Overall,175.2,2.4
Entire Network,FluSurv-NET,2022-23,2023,4,65+ yr,Overall,Overall,176.6,1.4
Entire Network,FluSurv-NET,2022-23,2023,5,65+ yr,Overall,Overall,178.1,1.5
Entire Network,FluSurv-NET,2022-23,2023,6,65+ yr,Overall,Overall,179.2,1.1
Entire Network,FluSurv-NET,2022-23,2023,7,65+ yr,Overall,Overall,180.4,1.2
Entire Network,FluSurv-NET,2022-23,2023,8,65+ yr,Overall,Overall,181.2,0.8
Entire Network,FluSurv-NET,2022-23,2023,9,65+ yr,Overall,Overall,181.9,0.7
Entire Network,FluSurv-NET,2022-23,2023,10,65+ yr,Overall,Overall,182.7,0.8
Entire Network,FluSurv-NET,2022-23,2023,11,65+ yr,Overall,Overall,183.4,0.7
Entire Network,FluSurv-NET,2022-23,2023,12,65+ yr,Overall,Overall,184,0.6
Entire Network,FluSurv-NET,2022-23,2023,13,65+ yr,Overall,Overall,184.6,0.5
Entire Network,FluSurv-NET,2022-23,2023,14,65+ yr,Overall,Overall,185.1,0.6
Entire Network,FluSurv-NET,2022-23,2023,15,65+ yr,Overall,Overall,185.7,0.6
Entire Network,FluSurv-NET,2022-23,2023,16,65+ yr,Overall,Overall,186.3,0.6
Entire Network,FluSurv-NET,2022-23,2023,17,65+ yr,Overall,Overall,186.7,0.3
Entire Network,FluSurv-NET,2022-23,2022,40,65-74 yr,Overall,Overall,0.6,0.6
Entire Network,FluSurv-NET,2022-23,2022,41,65-74 yr,Overall,Overall,1.6,1
Entire Network,FluSurv-NET,2022-23,2022,42,65-74 yr,Overall,Overall,3.2,1.6
Entire Network,FluSurv-NET,2022-23,2022,43,65-74 yr,Overall,Overall,6.1,2.9
Entire Network,FluSurv-NET,2022-23,2022,44,65-74 yr,Overall,Overall,10.2,4.2
Entire Network,FluSurv-NET,2022-23,2022,45,65-74 yr,Overall,Overall,16.5,6.3
Entire Network,FluSurv-NET,2022-23,2022,46,65-74 yr,Overall,Overall,24,7.5
Entire Network,FluSurv-NET,2022-23,2022,47,65-74 yr,Overall,Overall,37.7,13.7
Entire Network,FluSurv-NET,2022-23,2022,48,65-74 yr,Overall,Overall,56.9,19.2
Entire Network,FluSurv-NET,2022-23,2022,49,65-74 yr,Overall,Overall,73.2,16.3
Entire Network,FluSurv-NET,2022-23,2022,50,65-74 yr,Overall,Overall,85.9,12.8
Entire Network,FluSurv-NET,2022-23,2022,51,65-74 yr,Overall,Overall,98.2,12.3
Entire Network,FluSurv-NET,2022-23,2022,52,65-74 yr,Overall,Overall,110.3,12.1
Entire Network,FluSurv-NET,2022-23,2023,1,65-74 yr,Overall,Overall,117.3,6.9
Entire Network,FluSurv-NET,2022-23,2023,2,65-74 yr,Overall,Overall,120.2,2.9
Entire Network,FluSurv-NET,2022-23,2023,3,65-74 yr,Overall,Overall,121.8,1.6
Entire Network,FluSurv-NET,2022-23,2023,4,65-74 yr,Overall,Overall,122.7,0.9
Entire Network,FluSurv-NET,2022-23,2023,5,65-74 yr,Overall,Overall,123.9,1.2
Entire Network,FluSurv-NET,2022-23,2023,6,65-74 yr,Overall,Overall,124.4,0.5
Entire Network,FluSurv-NET,2022-23,2023,7,65-74 yr,Overall,Overall,125.3,0.9
Entire Network,FluSurv-NET,2022-23,2023,8,65-74 yr,Overall,Overall,125.8,0.5
Entire Network,FluSurv-NET,2022-23,2023,9,65-74 yr,Overall,Overall,126.2,0.3
Entire Network,FluSurv-NET,2022-23,2023,10,65-74 yr,Overall,Overall,126.5,0.4
Entire Network,FluSurv-NET,2022-23,2023,11,65-74 yr,Overall,Overall,126.9,0.4
Entire Network,FluSurv-NET,2022-23,2023,12,65-74 yr,Overall,Overall,127.3,0.4
Entire Network,FluSurv-NET,2022-23,2023,13,65-74 yr,Overall,Overall,127.8,0.5
Entire Network,FluSurv-NET,2022-23,2023,14,65-74 yr,Overall,Overall,128.2,0.3
Entire Network,FluSurv-NET,2022-23,2023,15,65-74 yr,Overall,Overall,128.6,0.5
Entire Network,FluSurv-NET,2022-23,2023,16,65-74 yr,Overall,Overall,128.9,0.3
Entire Network,FluSurv-NET,2022-23,2023,17,65-74 yr,Overall,Overall,129.2,0.3
Entire Network,FluSurv-NET,2022-23,2022,40,75-84 yr,Overall,Overall,1.5,1.5
Entire Network,FluSurv-NET,2022-23,2022,41,75-84 yr,Overall,Overall,3.2,1.7
Entire Network,FluSurv-NET,2022-23,2022,42,75-84 yr,Overall,Overall,5.7,2.5
Entire Network,FluSurv-NET,2022-23,2022,43,75-84 yr,Overall,Overall,11.1,5.4
Entire Network,FluSurv-NET,2022-23,2022,44,75-84 yr,Overall,Overall,18.3,7.3
Entire Network,FluSurv-NET,2022-23,2022,45,75-84 yr,Overall,Overall,27.3,9
Entire Network,FluSurv-NET,2022-23,2022,46,75-84 yr,Overall,Overall,40.1,12.8
Entire Network,FluSurv-NET,2022-23,2022,47,75-84 yr,Overall,Overall,64.5,24.4
Entire Network,FluSurv-NET,2022-23,2022,48,75-84 yr,Overall,Overall,100.6,36.1
Entire Network,FluSurv-NET,2022-23,2022,49,75-84 yr,Overall,Overall,130.7,30.1
Entire Network,FluSurv-NET,2022-23,2022,50,75-84 yr,Overall,Overall,156.6,25.9
Entire Network,FluSurv-NET,2022-23,2022,51,75-84 yr,Overall,Overall,180.5,23.9
Entire Network,FluSurv-NET,2022-23,2022,52,75-84 yr,Overall,Overall,205.1,24.6
Entire Network,FluSurv-NET,2022-23,2023,1,75-84 yr,Overall,Overall,219.9,14.8
Entire Network,FluSurv-NET,2022-23,2023,2,75-84 yr,Overall,Overall,225.5,5.6
Entire Network,FluSurv-NET,2022-23,2023,3,75-84 yr,Overall,Overall,228.7,3.2
Entire Network,FluSurv-NET,2022-23,2023,4,75-84 yr,Overall,Overall,230.6,1.9
Entire Network,FluSurv-NET,2022-23,2023,5,75-84 yr,Overall,Overall,232.1,1.4
Entire Network,FluSurv-NET,2022-23,2023,6,75-84 yr,Overall,Overall,233.5,1.4
Entire Network,FluSurv-NET,2022-23,2023,7,75-84 yr,Overall,Overall,235.2,1.7
Entire Network,FluSurv-NET,2022-23,2023,8,75-84 yr,Overall,Overall,236.4,1.2
Entire Network,FluSurv-NET,2022-23,2023,9,75-84 yr,Overall,Overall,237.7,1.3
Entire Network,FluSurv-NET,2022-23,2023,10,75-84 yr,Overall,Overall,238.9,1.2
Entire Network,FluSurv-NET,2022-23,2023,11,75-84 yr,Overall,Overall,239.9,1
Entire Network,FluSurv-NET,2022-23,2023,12,75-84 yr,Overall,Overall,240.7,0.8
Entire Network,FluSurv-NET,2022-23,2023,13,75-84 yr,Overall,Overall,241.3,0.6
Entire Network,FluSurv-NET,2022-23,2023,14,75-84 yr,Overall,Overall,242.2,0.9
Entire Network,FluSurv-NET,2022-23,2023,15,75-84 yr,Overall,Overall,243,0.9
Entire Network,FluSurv-NET,2022-23,2023,16,75-84 yr,Overall,Overall,244.1,1
Entire Network,FluSurv-NET,2022-23,2023,17,75-84 yr,Overall,Overall,244.3,0.2
Entire Network,FluSurv-NET,2022-23,2022,40,85+,Overall,Overall,1.4,1.4
Entire Network,FluSurv-NET,2022-23,2022,41,85+,Overall,Overall,2.7,1.4
Entire Network,FluSurv-NET,2022-23,2022,42,85+,Overall,Overall,8.6,5.8
Entire Network,FluSurv-NET,2022-23,2022,43,85+,Overall,Overall,15.2,6.6
Entire Network,FluSurv-NET,2022-23,2022,44,85+,Overall,Overall,22.8,7.6
Entire Network,FluSurv-NET,2022-23,2022,45,85+,Overall,Overall,37,14.2
Entire Network,FluSurv-NET,2022-23,2022,46,85+,Overall,Overall,54.4,17.3
Entire Network,FluSurv-NET,2022-23,2022,47,85+,Overall,Overall,89.3,34.9
Entire Network,FluSurv-NET,2022-23,2022,48,85+,Overall,Overall,137.6,48.3
Entire Network,FluSurv-NET,2022-23,2022,49,85+,Overall,Overall,179.7,42.1
Entire Network,FluSurv-NET,2022-23,2022,50,85+,Overall,Overall,214.2,34.5
Entire Network,FluSurv-NET,2022-23,2022,51,85+,Overall,Overall,245.4,31.2
Entire Network,FluSurv-NET,2022-23,2022,52,85+,Overall,Overall,283.4,38
Entire Network,FluSurv-NET,2022-23,2023,1,85+,Overall,Overall,307.7,24.4
Entire Network,FluSurv-NET,2022-23,2023,2,85+,Overall,Overall,315.3,7.6
Entire Network,FluSurv-NET,2022-23,2023,3,85+,Overall,Overall,320.4,5.1
Entire Network,FluSurv-NET,2022-23,2023,4,85+,Overall,Overall,323.5,3.1
Entire Network,FluSurv-NET,2022-23,2023,5,85+,Overall,Overall,326.8,3.3
Entire Network,FluSurv-NET,2022-23,2023,6,85+,Overall,Overall,330.1,3.3
Entire Network,FluSurv-NET,2022-23,2023,7,85+,Overall,Overall,331.7,1.6
Entire Network,FluSurv-NET,2022-23,2023,8,85+,Overall,Overall,332.7,1
Entire Network,FluSurv-NET,2022-23,2023,9,85+,Overall,Overall,333.8,1.2
Entire Network,FluSurv-NET,2022-23,2023,10,85+,Overall,Overall,336.2,2.3
Entire Network,FluSurv-NET,2022-23,2023,11,85+,Overall,Overall,337.5,1.4
Entire Network,FluSurv-NET,2022-23,2023,12,85+,Overall,Overall,338.9,1.4
Entire Network,FluSurv-NET,2022-23,2023,13,85+,Overall,Overall,339.5,0.6
Entire Network,FluSurv-NET,2022-23,2023,14,85+,Overall,Overall,340.5,1
Entire Network,FluSurv-NET,2022-23,2023,15,85+,Overall,Overall,341.1,0.6
Entire Network,FluSurv-NET,2022-23,2023,16,85+,Overall,Overall,342,1
Entire Network,FluSurv-NET,2022-23,2023,17,85+,Overall,Overall,343,1
Entire Network,FluSurv-NET,2022-23,2022,40,18-29 yr,Overall,Overall,0.2,0.2
Entire Network,FluSurv-NET,2022-23,2022,41,18-29 yr,Overall,Overall,0.5,0.3
Entire Network,FluSurv-NET,2022-23,2022,42,18-29 yr,Overall,Overall,1,0.5
Entire Network,FluSurv-NET,2022-23,2022,43,18-29 yr,Overall,Overall,1.8,0.9
Entire Network,FluSurv-NET,2022-23,2022,44,18-29 yr,Overall,Overall,3.1,1.2
Entire Network,FluSurv-NET,2022-23,2022,45,18-29 yr,Overall,Overall,4.8,1.7
Entire Network,FluSurv-NET,2022-23,2022,46,18-29 yr,Overall,Overall,6.3,1.5
Entire Network,FluSurv-NET,2022-23,2022,47,18-29 yr,Overall,Overall,9.3,3
Entire Network,FluSurv-NET,2022-23,2022,48,18-29 yr,Overall,Overall,13.2,3.9
Entire Network,FluSurv-NET,2022-23,2022,49,18-29 yr,Overall,Overall,16.1,2.9
Entire Network,FluSurv-NET,2022-23,2022,50,18-29 yr,Overall,Overall,18.5,2.4
Entire Network,FluSurv-NET,2022-23,2022,51,18-29 yr,Overall,Overall,20.4,1.9
Entire Network,FluSurv-NET,2022-23,2022,52,18-29 yr,Overall,Overall,21.7,1.2
Entire Network,FluSurv-NET,2022-23,2023,1,18-29 yr,Overall,Overall,22.4,0.7
Entire Network,FluSurv-NET,2022-23,2023,2,18-29 yr,Overall,Overall,22.8,0.4
Entire Network,FluSurv-NET,2022-23,2023,3,18-29 yr,Overall,Overall,23.1,0.3
Entire Network,FluSurv-NET,2022-23,2023,4,18-29 yr,Overall,Overall,23.2,0.1
Entire Network,FluSurv-NET,2022-23,2023,5,18-29 yr,Overall,Overall,23.3,0.1
Entire Network,FluSurv-NET,2022-23,2023,6,18-29 yr,Overall,Overall,23.3,0
Entire Network,FluSurv-NET,2022-23,2023,7,18-29 yr,Overall,Overall,23.4,0.1
Entire Network,FluSurv-NET,2022-23,2023,8,18-29 yr,Overall,Overall,23.5,0.1
Entire Network,FluSurv-NET,2022-23,2023,9,18-29 yr,Overall,Overall,23.5,0
Entire Network,FluSurv-NET,2022-23,2023,10,18-29 yr,Overall,Overall,23.7,0.1
Entire Network,FluSurv-NET,2022-23,2023,11,18-29 yr,Overall,Overall,23.8,0.1
Entire Network,FluSurv-NET,2022-23,2023,12,18-29 yr,Overall,Overall,23.8,0.1
Entire Network,FluSurv-NET,2022-23,2023,13,18-29 yr,Overall,Overall,23.9,0.1
Entire Network,FluSurv-NET,2022-23,2023,14,18-29 yr,Overall,Overall,24,0.1
Entire Network,FluSurv-NET,2022-23,2023,15,18-29 yr,Overall,Overall,24.2,0.2
Entire Network,FluSurv-NET,2022-23,2023,16,18-29 yr,Overall,Overall,24.2,0.1
Entire Network,FluSurv-NET,2022-23,2023,17,18-29 yr,Overall,Overall,24.3,0.1
Entire Network,FluSurv-NET,2022-23,2022,40,30-39 yr,Overall,Overall,0.1,0.1
Entire Network,FluSurv-NET,2022-23,2022,41,30-39 yr,Overall,Overall,0.5,0.4
Entire Network,FluSurv-NET,2022-23,2022,42,30-39 yr,Overall,Overall,1.1,0.5
Entire Network,FluSurv-NET,2022-23,2022,43,30-39 yr,Overall,Overall,1.9,0.8
Entire Network,FluSurv-NET,2022-23,2022,44,30-39 yr,Overall,Overall,3.2,1.3
Entire Network,FluSurv-NET,2022-23,2022,45,30-39 yr,Overall,Overall,5,1.8
Entire Network,FluSurv-NET,2022-23,2022,46,30-39 yr,Overall,Overall,7,2
Entire Network,FluSurv-NET,2022-23,2022,47,30-39 yr,Overall,Overall,10.6,3.6
Entire Network,FluSurv-NET,2022-23,2022,48,30-39 yr,Overall,Overall,14.3,3.8
Entire Network,FluSurv-NET,2022-23,2022,49,30-39 yr,Overall,Overall,17.2,2.8
Entire Network,FluSurv-NET,2022-23,2022,50,30-39 yr,Overall,Overall,20.2,3
Entire Network,FluSurv-NET,2022-23,2022,51,30-39 yr,Overall,Overall,22.3,2.2
Entire Network,FluSurv-NET,2022-23,2022,52,30-39 yr,Overall,Overall,24.3,1.9
Entire Network,FluSurv-NET,2022-23,2023,1,30-39 yr,Overall,Overall,25.6,1.3
Entire Network,FluSurv-NET,2022-23,2023,2,30-39 yr,Overall,Overall,25.9,0.4
Entire Network,FluSurv-NET,2022-23,2023,3,30-39 yr,Overall,Overall,26.4,0.4
Entire Network,FluSurv-NET,2022-23,2023,4,30-39 yr,Overall,Overall,26.7,0.3
Entire Network,FluSurv-NET,2022-23,2023,5,30-39 yr,Overall,Overall,26.8,0.1
Entire Network,FluSurv-NET,2022-23,2023,6,30-39 yr,Overall,Overall,26.9,0.1
Entire Network,FluSurv-NET,2022-23,2023,7,30-39 yr,Overall,Overall,27,0.1
Entire Network,FluSurv-NET,2022-23,2023,8,30-39 yr,Overall,Overall,27.1,0.1
Entire Network,FluSurv-NET,2022-23,2023,9,30-39 yr,Overall,Overall,27.3,0.2
Entire Network,FluSurv-NET,2022-23,2023,10,30-39 yr,Overall,Overall,27.3,0.1
Entire Network,FluSurv-NET,2022-23,2023,11,30-39 yr,Overall,Overall,27.6,0.3
Entire Network,FluSurv-NET,2022-23,2023,12,30-39 yr,Overall,Overall,27.9,0.3
Entire Network,FluSurv-NET,2022-23,2023,13,30-39 yr,Overall,Overall,28.1,0.2
Entire Network,FluSurv-NET,2022-23,2023,14,30-39 yr,Overall,Overall,28.2,0.1
Entire Network,FluSurv-NET,2022-23,2023,15,30-39 yr,Overall,Overall,28.4,0.2
Entire Network,FluSurv-NET,2022-23,2023,16,30-39 yr,Overall,Overall,28.6,0.2
Entire Network,FluSurv-NET,2022-23,2023,17,30-39 yr,Overall,Overall,28.7,0.2
Entire Network,FluSurv-NET,2022-23,2022,40,40-49 yr,Overall,Overall,0.2,0.2
Entire Network,FluSurv-NET,2022-23,2022,41,40-49 yr,Overall,Overall,0.5,0.3
Entire Network,FluSurv-NET,2022-23,2022,42,40-49 yr,Overall,Overall,0.8,0.3
Entire Network,FluSurv-NET,2022-23,2022,43,40-49 yr,Overall,Overall,1.8,1
Entire Network,FluSurv-NET,2022-23,2022,44,40-49 yr,Overall,Overall,3.1,1.3
Entire Network,FluSurv-NET,2022-23,2022,45,40-49 yr,Overall,Overall,4.7,1.6
Entire Network,FluSurv-NET,2022-23,2022,46,40-49 yr,Overall,Overall,6.7,2
Entire Network,FluSurv-NET,2022-23,2022,47,40-49 yr,Overall,Overall,10.1,3.4
Entire Network,FluSurv-NET,2022-23,2022,48,40-49 yr,Overall,Overall,13.7,3.5
Entire Network,FluSurv-NET,2022-23,2022,49,40-49 yr,Overall,Overall,16.7,3
Entire Network,FluSurv-NET,2022-23,2022,50,40-49 yr,Overall,Overall,19.7,3
Entire Network,FluSurv-NET,2022-23,2022,51,40-49 yr,Overall,Overall,22.5,2.8
Entire Network,FluSurv-NET,2022-23,2022,52,40-49 yr,Overall,Overall,24.9,2.4
Entire Network,FluSurv-NET,2022-23,2023,1,40-49 yr,Overall,Overall,26.5,1.6
Entire Network,FluSurv-NET,2022-23,2023,2,40-49 yr,Overall,Overall,27.3,0.7
Entire Network,FluSurv-NET,2022-23,2023,3,40-49 yr,Overall,Overall,27.9,0.6
Entire Network,FluSurv-NET,2022-23,2023,4,40-49 yr,Overall,Overall,28.1,0.2
Entire Network,FluSurv-NET,2022-23,2023,5,40-49 yr,Overall,Overall,28.4,0.3
Entire Network,FluSurv-NET,2022-23,2023,6,40-49 yr,Overall,Overall,28.7,0.3
Entire Network,FluSurv-NET,2022-23,2023,7,40-49 yr,Overall,Overall,28.8,0.1
Entire Network,FluSurv-NET,2022-23,2023,8,40-49 yr,Overall,Overall,28.9,0.1
Entire Network,FluSurv-NET,2022-23,2023,9,40-49 yr,Overall,Overall,29,0.1
Entire Network,FluSurv-NET,2022-23,2023,10,40-49 yr,Overall,Overall,29.1,0.1
Entire Network,FluSurv-NET,2022-23,2023,11,40-49 yr,Overall,Overall,29.3,0.2
Entire Network,FluSurv-NET,2022-23,2023,12,40-49 yr,Overall,Overall,29.3,0.1
Entire Network,FluSurv-NET,2022-23,2023,13,40-49 yr,Overall,Overall,29.5,0.2
Entire Network,FluSurv-NET,2022-23,2023,14,40-49 yr,Overall,Overall,29.6,0.1
Entire Network,FluSurv-NET,2022-23,2023,15,40-49 yr,Overall,Overall,29.6,0
Entire Network,FluSurv-NET,2022-23,2023,16,40-49 yr,Overall,Overall,29.7,0
Entire Network,FluSurv-NET,2022-23,2023,17,40-49 yr,Overall,Overall,29.8,0.1
Entire Network,FluSurv-NET,2022-23,2022,40,5-11  yr,Overall,Overall,0.5,0.5
Entire Network,FluSurv-NET,2022-23,2022,41,5-11  yr,Overall,Overall,1,0.6
Entire Network,FluSurv-NET,2022-23,2022,42,5-11  yr,Overall,Overall,2,1
Entire Network,FluSurv-NET,2022-23,2022,43,5-11  yr,Overall,Overall,3.6,1.6
Entire Network,FluSurv-NET,2022-23,2022,44,5-11  yr,Overall,Overall,6.6,3
Entire Network,FluSurv-NET,2022-23,2022,45,5-11  yr,Overall,Overall,10.3,3.7
Entire Network,FluSurv-NET,2022-23,2022,46,5-11  yr,Overall,Overall,13.1,2.7
Entire Network,FluSurv-NET,2022-23,2022,47,5-11  yr,Overall,Overall,17.9,4.8
Entire Network,FluSurv-NET,2022-23,2022,48,5-11  yr,Overall,Overall,22.1,4.2
Entire Network,FluSurv-NET,2022-23,2022,49,5-11  yr,Overall,Overall,25.7,3.6
Entire Network,FluSurv-NET,2022-23,2022,50,5-11  yr,Overall,Overall,29.8,4.1
Entire Network,FluSurv-NET,2022-23,2022,51,5-11  yr,Overall,Overall,32.8,2.9
Entire Network,FluSurv-NET,2022-23,2022,52,5-11  yr,Overall,Overall,34.3,1.5
Entire Network,FluSurv-NET,2022-23,2023,1,5-11  yr,Overall,Overall,34.8,0.6
Entire Network,FluSurv-NET,2022-23,2023,2,5-11  yr,Overall,Overall,35.3,0.5
Entire Network,FluSurv-NET,2022-23,2023,3,5-11  yr,Overall,Overall,35.6,0.2
Entire Network,FluSurv-NET,2022-23,2023,4,5-11  yr,Overall,Overall,35.6,0.1
Entire Network,FluSurv-NET,2022-23,2023,5,5-11  yr,Overall,Overall,35.9,0.2
Entire Network,FluSurv-NET,2022-23,2023,6,5-11  yr,Overall,Overall,36.1,0.2
Entire Network,FluSurv-NET,2022-23,2023,7,5-11  yr,Overall,Overall,36.3,0.1
Entire Network,FluSurv-NET,2022-23,2023,8,5-11  yr,Overall,Overall,36.4,0.2
Entire Network,FluSurv-NET,2022-23,2023,9,5-11  yr,Overall,Overall,36.5,0.1
Entire Network,FluSurv-NET,2022-23,2023,10,5-11  yr,Overall,Overall,36.7,0.2
Entire Network,FluSurv-NET,2022-23,2023,11,5-11  yr,Overall,Overall,36.9,0.2
Entire Network,FluSurv-NET,2022-23,2023,12,5-11  yr,Overall,Overall,37.2,0.3
Entire Network,FluSurv-NET,2022-23,2023,13,5-11  yr,Overall,Overall,37.5,0.3
Entire Network,FluSurv-NET,2022-23,2023,14,5-11  yr,Overall,Overall,37.9,0.4
Entire Network,FluSurv-NET,2022-23,2023,15,5-11  yr,Overall,Overall,38.1,0.1
Entire Network,FluSurv-NET,2022-23,2023,16,5-11  yr,Overall,Overall,38.2,0.2
Entire Network,FluSurv-NET,2022-23,2023,17,5-11  yr,Overall,Overall,38.4,0.2
Entire Network,FluSurv-NET,2022-23,2022,40,12-17 yr,Overall,Overall,0.5,0.5
Entire Network,FluSurv-NET,2022-23,2022,41,12-17 yr,Overall,Overall,0.9,0.4
Entire Network,FluSurv-NET,2022-23,2022,42,12-17 yr,Overall,Overall,1.8,1
Entire Network,FluSurv-NET,2022-23,2022,43,12-17 yr,Overall,Overall,2.7,0.9
Entire Network,FluSurv-NET,2022-23,2022,44,12-17 yr,Overall,Overall,4.4,1.7
Entire Network,FluSurv-NET,2022-23,2022,45,12-17 yr,Overall,Overall,5.8,1.4
Entire Network,FluSurv-NET,2022-23,2022,46,12-17 yr,Overall,Overall,8,2.2
Entire Network,FluSurv-NET,2022-23,2022,47,12-17 yr,Overall,Overall,10.3,2.3
Entire Network,FluSurv-NET,2022-23,2022,48,12-17 yr,Overall,Overall,12.4,2.1
Entire Network,FluSurv-NET,2022-23,2022,49,12-17 yr,Overall,Overall,14.4,2
Entire Network,FluSurv-NET,2022-23,2022,50,12-17 yr,Overall,Overall,16.3,2
Entire Network,FluSurv-NET,2022-23,2022,51,12-17 yr,Overall,Overall,17.4,1.1
Entire Network,FluSurv-NET,2022-23,2022,52,12-17 yr,Overall,Overall,18.4,1
Entire Network,FluSurv-NET,2022-23,2023,1,12-17 yr,Overall,Overall,18.7,0.3
Entire Network,FluSurv-NET,2022-23,2023,2,12-17 yr,Overall,Overall,18.7,0
Entire Network,FluSurv-NET,2022-23,2023,3,12-17 yr,Overall,Overall,18.8,0.1
Entire Network,FluSurv-NET,2022-23,2023,4,12-17 yr,Overall,Overall,18.9,0
Entire Network,FluSurv-NET,2022-23,2023,5,12-17 yr,Overall,Overall,18.9,0
Entire Network,FluSurv-NET,2022-23,2023,6,12-17 yr,Overall,Overall,18.9,0
Entire Network,FluSurv-NET,2022-23,2023,7,12-17 yr,Overall,Overall,19,0
Entire Network,FluSurv-NET,2022-23,2023,8,12-17 yr,Overall,Overall,19.2,0.2
Entire Network,FluSurv-NET,2022-23,2023,9,12-17 yr,Overall,Overall,19.2,0
Entire Network,FluSurv-NET,2022-23,2023,10,12-17 yr,Overall,Overall,19.3,0.1
Entire Network,FluSurv-NET,2022-23,2023,11,12-17 yr,Overall,Overall,19.3,0
Entire Network,FluSurv-NET,2022-23,2023,12,12-17 yr,Overall,Overall,19.5,0.1
Entire Network,FluSurv-NET,2022-23,2023,13,12-17 yr,Overall,Overall,19.6,0.1
Entire Network,FluSurv-NET,2022-23,2023,14,12-17 yr,Overall,Overall,19.7,0.1
Entire Network,FluSurv-NET,2022-23,2023,15,12-17 yr,Overall,Overall,19.7,0
Entire Network,FluSurv-NET,2022-23,2023,16,12-17 yr,Overall,Overall,19.7,0
Entire Network,FluSurv-NET,2022-23,2023,17,12-17 yr,Overall,Overall,19.8,0.1
Entire Network,FluSurv-NET,2022-23,2022,40,< 18,Overall,Overall,0.6,0.6
Entire Network,FluSurv-NET,2022-23,2022,41,< 18,Overall,Overall,1.1,0.5
Entire Network,FluSurv-NET,2022-23,2022,42,< 18,Overall,Overall,2.4,1.2
Entire Network,FluSurv-NET,2022-23,2022,43,< 18,Overall,Overall,4.1,1.7
Entire Network,FluSurv-NET,2022-23,2022,44,< 18,Overall,Overall,6.8,2.7
Entire Network,FluSurv-NET,2022-23,2022,45,< 18,Overall,Overall,10.2,3.4
Entire Network,FluSurv-NET,2022-23,2022,46,< 18,Overall,Overall,13.8,3.6
Entire Network,FluSurv-NET,2022-23,2022,47,< 18,Overall,Overall,19.4,5.7
Entire Network,FluSurv-NET,2022-23,2022,48,< 18,Overall,Overall,24.7,5.3
Entire Network,FluSurv-NET,2022-23,2022,49,< 18,Overall,Overall,29.2,4.5
Entire Network,FluSurv-NET,2022-23,2022,50,< 18,Overall,Overall,33.7,4.5
Entire Network,FluSurv-NET,2022-23,2022,51,< 18,Overall,Overall,36.9,3.2
Entire Network,FluSurv-NET,2022-23,2022,52,< 18,Overall,Overall,39.1,2.3
Entire Network,FluSurv-NET,2022-23,2023,1,< 18,Overall,Overall,40,0.8
Entire Network,FluSurv-NET,2022-23,2023,2,< 18,Overall,Overall,40.5,0.5
Entire Network,FluSurv-NET,2022-23,2023,3,< 18,Overall,Overall,40.8,0.3
Entire Network,FluSurv-NET,2022-23,2023,4,< 18,Overall,Overall,40.9,0.1
Entire Network,FluSurv-NET,2022-23,2023,5,< 18,Overall,Overall,41.1,0.2
Entire Network,FluSurv-NET,2022-23,2023,6,< 18,Overall,Overall,41.3,0.2
Entire Network,FluSurv-NET,2022-23,2023,7,< 18,Overall,Overall,41.4,0.1
Entire Network,FluSurv-NET,2022-23,2023,8,< 18,Overall,Overall,41.6,0.2
Entire Network,FluSurv-NET,2022-23,2023,9,< 18,Overall,Overall,41.7,0.1
Entire Network,FluSurv-NET,2022-23,2023,10,< 18,Overall,Overall,41.9,0.2
Entire Network,FluSurv-NET,2022-23,2023,11,< 18,Overall,Overall,42.1,0.2
Entire Network,FluSurv-NET,2022-23,2023,12,< 18,Overall,Overall,42.3,0.2
Entire Network,FluSurv-NET,2022-23,2023,13,< 18,Overall,Overall,42.5,0.2
Entire Network,FluSurv-NET,2022-23,2023,14,< 18,Overall,Overall,42.8,0.3
Entire Network,FluSurv-NET,2022-23,2023,15,< 18,Overall,Overall,42.9,0.2
Entire Network,FluSurv-NET,2022-23,2023,16,< 18,Overall,Overall,43.1,0.1
Entire Network,FluSurv-NET,2022-23,2023,17,< 18,Overall,Overall,43.2,0.2
Entire Network,FluSurv-NET,2022-23,2022,40,>= 18,Overall,Overall,0.4,0.4
Entire Network,FluSurv-NET,2022-23,2022,41,>= 18,Overall,Overall,1,0.6
Entire Network,FluSurv-NET,2022-23,2022,42,>= 18,Overall,Overall,1.9,0.9
Entire Network,FluSurv-NET,2022-23,2022,43,>= 18,Overall,Overall,3.6,1.8
Entire Network,FluSurv-NET,2022-23,2022,44,>= 18,Overall,Overall,6.1,2.4
Entire Network,FluSurv-NET,2022-23,2022,45,>= 18,Overall,Overall,9.3,3.2
Entire Network,FluSurv-NET,2022-23,2022,46,>= 18,Overall,Overall,13.3,4
Entire Network,FluSurv-NET,2022-23,2022,47,>= 18,Overall,Overall,20.6,7.3
Entire Network,FluSurv-NET,2022-23,2022,48,>= 18,Overall,Overall,30.2,9.7
Entire Network,FluSurv-NET,2022-23,2022,49,>= 18,Overall,Overall,38.3,8.1
Entire Network,FluSurv-NET,2022-23,2022,50,>= 18,Overall,Overall,45.2,6.9
Entire Network,FluSurv-NET,2022-23,2022,51,>= 18,Overall,Overall,51.5,6.3
Entire Network,FluSurv-NET,2022-23,2022,52,>= 18,Overall,Overall,57.4,5.9
Entire Network,FluSurv-NET,2022-23,2023,1,>= 18,Overall,Overall,61,3.6
Entire Network,FluSurv-NET,2022-23,2023,2,>= 18,Overall,Overall,62.5,1.5
Entire Network,FluSurv-NET,2022-23,2023,3,>= 18,Overall,Overall,63.4,0.9
Entire Network,FluSurv-NET,2022-23,2023,4,>= 18,Overall,Overall,64,0.6
Entire Network,FluSurv-NET,2022-23,2023,5,>= 18,Overall,Overall,64.5,0.5
Entire Network,FluSurv-NET,2022-23,2023,6,>= 18,Overall,Overall,64.9,0.4
Entire Network,FluSurv-NET,2022-23,2023,7,>= 18,Overall,Overall,65.2,0.4
Entire Network,FluSurv-NET,2022-23,2023,8,>= 18,Overall,Overall,65.5,0.3
Entire Network,FluSurv-NET,2022-23,2023,9,>= 18,Overall,Overall,65.8,0.3
Entire Network,FluSurv-NET,2022-23,2023,10,>= 18,Overall,Overall,66.1,0.3
Entire Network,FluSurv-NET,2022-23,2023,11,>= 18,Overall,Overall,66.4,0.3
Entire Network,FluSurv-NET,2022-23,2023,12,>= 18,Overall,Overall,66.6,0.3
Entire Network,FluSurv-NET,2022-23,2023,13,>= 18,Overall,Overall,66.9,0.3
Entire Network,FluSurv-NET,2022-23,2023,14,>= 18,Overall,Overall,67.2,0.3
Entire Network,FluSurv-NET,2022-23,2023,15,>= 18,Overall,Overall,67.4,0.2
Entire Network,FluSurv-NET,2022-23,2023,16,>= 18,Overall,Overall,67.6,0.2
Entire Network,FluSurv-NET,2022-23,2023,17,>= 18,Overall,Overall,67.8,0.2
